participant.id_in_session,participant.code,participant.label,participant._is_bot,participant._index_in_pages,participant._max_page_index,participant._current_app_name,participant._current_page_name,participant.time_started_utc,participant.visited,participant.mturk_worker_id,participant.mturk_assignment_id,participant.payoff,participant.approval,participant.pgg_id,participant.pgg_role,participant.id_treatment,participant.contri_treatment,participant.wait_page_arrival,participant.q1,participant.q2,participant.q3,participant.q4,participant.q5,participant.q6,participant.q7,participant.q8,participant.q9,participant.q10,participant.q11,participant.q12,participant.q13,participant.q14,participant.q15,participant.q16,participant.q17,participant.q18,participant.q19,participant.q20,participant.q21,participant.q22,participant.q23,participant.q24,participant.q25,participant.started_pgg_decision,participant.jump_to_questionaire,participant.wait_for_15_mins,participant.is_dropout,participant.other_member_is_dropout,session.code,session.label,session.mturk_HITId,session.mturk_HITGroupId,session.comment,session.is_demo,session.config.pgg_role,session.config.real_world_currency_per_point,session.config.name,session.config.participation_fee,session.config.contri_treatment,session.config.id_treatment,check_in.1.player.id_in_group,check_in.1.player.role,check_in.1.player.payoff,check_in.1.player.approval,check_in.1.player.quit_id,check_in.1.player.wait_for_15_mins,check_in.1.player.is_dropout,check_in.1.player.other_member_is_dropout,check_in.1.group.id_in_subsession,check_in.1.subsession.round_number,pgg.1.player.id_in_group,pgg.1.player.role,pgg.1.player.payoff,pgg.1.player.approval,pgg.1.player.id_treatment,pgg.1.player.contri_treatment,pgg.1.player.file,pgg.1.player.pgg_role,pgg.1.player.pgg_id,pgg.1.player.pgg_id_checking,pgg.1.player.wait_page_arrival,pgg.1.player.started_pgg_decision,pgg.1.player.jump_to_questionaire,pgg.1.player.quit_id,pgg.1.player.q1,pgg.1.player.q2,pgg.1.player.q3,pgg.1.player.q4,pgg.1.player.q5,pgg.1.player.q6,pgg.1.player.q7,pgg.1.player.q8,pgg.1.player.q9,pgg.1.player.q10,pgg.1.player.q11,pgg.1.player.q12,pgg.1.player.q13,pgg.1.player.q14,pgg.1.player.q15,pgg.1.player.q16,pgg.1.player.q17,pgg.1.player.q18,pgg.1.player.q19,pgg.1.player.q20,pgg.1.player.q21,pgg.1.player.q22,pgg.1.player.q23,pgg.1.player.q24,pgg.1.player.q25,pgg.1.group.id_in_subsession,pgg.1.subsession.round_number,pgg_decision.1.player.id_in_group,pgg_decision.1.player.role,pgg_decision.1.player.payoff,pgg_decision.1.player.pgg_role,pgg_decision.1.player.id_treatment,pgg_decision.1.player.contri_treatment,pgg_decision.1.player.pgg_id,pgg_decision.1.player.wait_page_arrival,pgg_decision.1.player.contribution,pgg_decision.1.player.decision_duration,pgg_decision.1.player.id_1,pgg_decision.1.player.id_2,pgg_decision.1.player.id_3,pgg_decision.1.player.id_4,pgg_decision.1.player.contribution_1,pgg_decision.1.player.contribution_2,pgg_decision.1.player.contribution_3,pgg_decision.1.player.contribution_4,pgg_decision.1.group.id_in_subsession,pgg_decision.1.group.total_contribution,pgg_decision.1.group.individual_share,pgg_decision.1.subsession.round_number,pgg_decision.2.player.id_in_group,pgg_decision.2.player.role,pgg_decision.2.player.payoff,pgg_decision.2.player.pgg_role,pgg_decision.2.player.id_treatment,pgg_decision.2.player.contri_treatment,pgg_decision.2.player.pgg_id,pgg_decision.2.player.wait_page_arrival,pgg_decision.2.player.contribution,pgg_decision.2.player.decision_duration,pgg_decision.2.player.id_1,pgg_decision.2.player.id_2,pgg_decision.2.player.id_3,pgg_decision.2.player.id_4,pgg_decision.2.player.contribution_1,pgg_decision.2.player.contribution_2,pgg_decision.2.player.contribution_3,pgg_decision.2.player.contribution_4,pgg_decision.2.group.id_in_subsession,pgg_decision.2.group.total_contribution,pgg_decision.2.group.individual_share,pgg_decision.2.subsession.round_number,pgg_decision.3.player.id_in_group,pgg_decision.3.player.role,pgg_decision.3.player.payoff,pgg_decision.3.player.pgg_role,pgg_decision.3.player.id_treatment,pgg_decision.3.player.contri_treatment,pgg_decision.3.player.pgg_id,pgg_decision.3.player.wait_page_arrival,pgg_decision.3.player.contribution,pgg_decision.3.player.decision_duration,pgg_decision.3.player.id_1,pgg_decision.3.player.id_2,pgg_decision.3.player.id_3,pgg_decision.3.player.id_4,pgg_decision.3.player.contribution_1,pgg_decision.3.player.contribution_2,pgg_decision.3.player.contribution_3,pgg_decision.3.player.contribution_4,pgg_decision.3.group.id_in_subsession,pgg_decision.3.group.total_contribution,pgg_decision.3.group.individual_share,pgg_decision.3.subsession.round_number,pgg_decision.4.player.id_in_group,pgg_decision.4.player.role,pgg_decision.4.player.payoff,pgg_decision.4.player.pgg_role,pgg_decision.4.player.id_treatment,pgg_decision.4.player.contri_treatment,pgg_decision.4.player.pgg_id,pgg_decision.4.player.wait_page_arrival,pgg_decision.4.player.contribution,pgg_decision.4.player.decision_duration,pgg_decision.4.player.id_1,pgg_decision.4.player.id_2,pgg_decision.4.player.id_3,pgg_decision.4.player.id_4,pgg_decision.4.player.contribution_1,pgg_decision.4.player.contribution_2,pgg_decision.4.player.contribution_3,pgg_decision.4.player.contribution_4,pgg_decision.4.group.id_in_subsession,pgg_decision.4.group.total_contribution,pgg_decision.4.group.individual_share,pgg_decision.4.subsession.round_number,pgg_decision.5.player.id_in_group,pgg_decision.5.player.role,pgg_decision.5.player.payoff,pgg_decision.5.player.pgg_role,pgg_decision.5.player.id_treatment,pgg_decision.5.player.contri_treatment,pgg_decision.5.player.pgg_id,pgg_decision.5.player.wait_page_arrival,pgg_decision.5.player.contribution,pgg_decision.5.player.decision_duration,pgg_decision.5.player.id_1,pgg_decision.5.player.id_2,pgg_decision.5.player.id_3,pgg_decision.5.player.id_4,pgg_decision.5.player.contribution_1,pgg_decision.5.player.contribution_2,pgg_decision.5.player.contribution_3,pgg_decision.5.player.contribution_4,pgg_decision.5.group.id_in_subsession,pgg_decision.5.group.total_contribution,pgg_decision.5.group.individual_share,pgg_decision.5.subsession.round_number,pgg_decision.6.player.id_in_group,pgg_decision.6.player.role,pgg_decision.6.player.payoff,pgg_decision.6.player.pgg_role,pgg_decision.6.player.id_treatment,pgg_decision.6.player.contri_treatment,pgg_decision.6.player.pgg_id,pgg_decision.6.player.wait_page_arrival,pgg_decision.6.player.contribution,pgg_decision.6.player.decision_duration,pgg_decision.6.player.id_1,pgg_decision.6.player.id_2,pgg_decision.6.player.id_3,pgg_decision.6.player.id_4,pgg_decision.6.player.contribution_1,pgg_decision.6.player.contribution_2,pgg_decision.6.player.contribution_3,pgg_decision.6.player.contribution_4,pgg_decision.6.group.id_in_subsession,pgg_decision.6.group.total_contribution,pgg_decision.6.group.individual_share,pgg_decision.6.subsession.round_number,pgg_decision.7.player.id_in_group,pgg_decision.7.player.role,pgg_decision.7.player.payoff,pgg_decision.7.player.pgg_role,pgg_decision.7.player.id_treatment,pgg_decision.7.player.contri_treatment,pgg_decision.7.player.pgg_id,pgg_decision.7.player.wait_page_arrival,pgg_decision.7.player.contribution,pgg_decision.7.player.decision_duration,pgg_decision.7.player.id_1,pgg_decision.7.player.id_2,pgg_decision.7.player.id_3,pgg_decision.7.player.id_4,pgg_decision.7.player.contribution_1,pgg_decision.7.player.contribution_2,pgg_decision.7.player.contribution_3,pgg_decision.7.player.contribution_4,pgg_decision.7.group.id_in_subsession,pgg_decision.7.group.total_contribution,pgg_decision.7.group.individual_share,pgg_decision.7.subsession.round_number,pgg_decision.8.player.id_in_group,pgg_decision.8.player.role,pgg_decision.8.player.payoff,pgg_decision.8.player.pgg_role,pgg_decision.8.player.id_treatment,pgg_decision.8.player.contri_treatment,pgg_decision.8.player.pgg_id,pgg_decision.8.player.wait_page_arrival,pgg_decision.8.player.contribution,pgg_decision.8.player.decision_duration,pgg_decision.8.player.id_1,pgg_decision.8.player.id_2,pgg_decision.8.player.id_3,pgg_decision.8.player.id_4,pgg_decision.8.player.contribution_1,pgg_decision.8.player.contribution_2,pgg_decision.8.player.contribution_3,pgg_decision.8.player.contribution_4,pgg_decision.8.group.id_in_subsession,pgg_decision.8.group.total_contribution,pgg_decision.8.group.individual_share,pgg_decision.8.subsession.round_number,pgg_decision.9.player.id_in_group,pgg_decision.9.player.role,pgg_decision.9.player.payoff,pgg_decision.9.player.pgg_role,pgg_decision.9.player.id_treatment,pgg_decision.9.player.contri_treatment,pgg_decision.9.player.pgg_id,pgg_decision.9.player.wait_page_arrival,pgg_decision.9.player.contribution,pgg_decision.9.player.decision_duration,pgg_decision.9.player.id_1,pgg_decision.9.player.id_2,pgg_decision.9.player.id_3,pgg_decision.9.player.id_4,pgg_decision.9.player.contribution_1,pgg_decision.9.player.contribution_2,pgg_decision.9.player.contribution_3,pgg_decision.9.player.contribution_4,pgg_decision.9.group.id_in_subsession,pgg_decision.9.group.total_contribution,pgg_decision.9.group.individual_share,pgg_decision.9.subsession.round_number,pgg_decision.10.player.id_in_group,pgg_decision.10.player.role,pgg_decision.10.player.payoff,pgg_decision.10.player.pgg_role,pgg_decision.10.player.id_treatment,pgg_decision.10.player.contri_treatment,pgg_decision.10.player.pgg_id,pgg_decision.10.player.wait_page_arrival,pgg_decision.10.player.contribution,pgg_decision.10.player.decision_duration,pgg_decision.10.player.id_1,pgg_decision.10.player.id_2,pgg_decision.10.player.id_3,pgg_decision.10.player.id_4,pgg_decision.10.player.contribution_1,pgg_decision.10.player.contribution_2,pgg_decision.10.player.contribution_3,pgg_decision.10.player.contribution_4,pgg_decision.10.group.id_in_subsession,pgg_decision.10.group.total_contribution,pgg_decision.10.group.individual_share,pgg_decision.10.subsession.round_number,questionaire.1.player.id_in_group,questionaire.1.player.role,questionaire.1.player.payoff,questionaire.1.player.sex,questionaire.1.player.age,questionaire.1.player.blood,questionaire.1.player.native,questionaire.1.player.university,questionaire.1.player.department,questionaire.1.player.grade,questionaire.1.player.trust,questionaire.1.player.svo_mine_1,questionaire.1.player.svo_other_1,questionaire.1.player.svo_mine_2,questionaire.1.player.svo_other_2,questionaire.1.player.svo_mine_3,questionaire.1.player.svo_other_3,questionaire.1.player.svo_mine_4,questionaire.1.player.svo_other_4,questionaire.1.player.svo_mine_5,questionaire.1.player.svo_other_5,questionaire.1.player.svo_mine_6,questionaire.1.player.svo_other_6,questionaire.1.group.id_in_subsession,questionaire.1.subsession.round_number,mpl.1.player.id_in_group,mpl.1.player.role,mpl.1.player.payoff,mpl.1.player.mpl_0,mpl.1.player.mpl_10,mpl.1.player.mpl_20,mpl.1.player.mpl_30,mpl.1.player.mpl_40,mpl.1.player.mpl_50,mpl.1.player.mpl_60,mpl.1.player.mpl_70,mpl.1.player.mpl_80,mpl.1.player.mpl_90,mpl.1.player.mpl_100,mpl.1.player.mpl_number,mpl.1.player.mpl_agree,mpl.1.player.mpl_payoff,mpl.1.player.check,mpl.1.player.password,mpl.1.player.pass_check,mpl.1.player.link,mpl.1.player.suggestion,mpl.1.group.id_in_subsession,mpl.1.subsession.round_number
1,lg6j4f9s,,0,68,68,mpl,Screen4,2022-04-25 11:26:40.611860,1,,,430.0,1,Konijiwa,A,id_user,own_info,1650887412.7541876,,,,,,,,,,,,,,,梁社漢排骨、IKEA線上購物、路線簡圖,"24.9733161, 121.5299859",,,無,,,,是,是,耕莘醫院,1,0,0,0,0,q9add84i,,,,,0,A,1.0,A_userID_ownInfo,50.0,own_info,id_user,1,,50.0,1,Pur805,,,,1,1,1,,0.0,,id_user,own_info,,A,Konijiwa,,,,,Pur805,,,,,,,,,,,,,,,梁社漢排骨、IKEA線上購物、路線簡圖,"24.9733161, 121.5299859",,,無,,,,是,是,耕莘醫院,1,1,1,,24.5,A,id_user,own_info,Konijiwa,,15,14.7,lmaooooo,Xavier,Konijiwa,szasza,20,0,15,4,2,39,19.5,1,1,,28.5,A,id_user,own_info,Konijiwa,,15,18.1,Xavier,Konijiwa,szasza,lmaooooo,0,15,12,20,2,47,23.5,2,1,,27.5,A,id_user,own_info,Konijiwa,,20,7.8,Konijiwa,lmaooooo,Xavier,szasza,20,20,0,15,2,55,27.5,3,1,,31.0,A,id_user,own_info,Konijiwa,,18,8.6,szasza,Xavier,Konijiwa,lmaooooo,20,0,18,20,2,58,29.0,4,1,,22.5,A,id_user,own_info,Konijiwa,,20,10.4,szasza,Xavier,Konijiwa,lmaooooo,0,5,20,20,2,45,22.5,5,1,,27.5,A,id_user,own_info,Konijiwa,,15,21.2,szasza,Xavier,Konijiwa,lmaooooo,10,0,15,20,2,45,22.5,6,1,,23.5,A,id_user,own_info,Konijiwa,,18,14.6,Xavier,lmaooooo,Konijiwa,szasza,5,20,18,0,2,43,21.5,7,1,,22.5,A,id_user,own_info,Konijiwa,,20,13.8,szasza,Konijiwa,lmaooooo,Xavier,5,20,20,0,2,45,22.5,8,1,,32.5,A,id_user,own_info,Konijiwa,,0,3.6,Konijiwa,Xavier,lmaooooo,szasza,0,5,20,0,2,25,12.5,9,1,,20.0,A,id_user,own_info,Konijiwa,,5,7.2,lmaooooo,Konijiwa,Xavier,szasza,0,5,0,5,2,10,5.0,10,1,,0.0,生理女,22,O型,台灣本地生,台灣大學,3023_公共行政組,大學部4年級,3,85,85,100,50,85,85,64,65,75,75,85,85,1,1,9,,0.0,1,1,1,1,1,1,1,1,1,1,1,20,1,20,0,,-1,https://reurl.cc/jkrOl2,,1,1
2,6b5zkgzc,,0,68,68,mpl,Screen4,2022-04-25 11:01:18.409710,1,,,220.0,1,miepuQQQ,A,id_user,own_info,1650887960.9545557,0.3/1.2,104/76,158.4,無,有,F,傅,F,903,未婚,2/17,劉,立廷里,749,國立臺灣大學員工薪資入帳變更申請系統、大薰風｜Facebook、(288) 我再買卡我就是狗汪汪[ann10430330] - Plurk,,[中字]SEVENTEEN(세븐틴)-eating-從小細節看出小17的感情-Friendship can be seen from small details.,個體經濟學下,無,35,Galaxy A52 5G,,,,,0,1,0,0,0,q9add84i,,,,,0,A,1.0,A_userID_ownInfo,50.0,own_info,id_user,2,,50.0,1,Kag580,,,,1,1,2,,0.0,,id_user,own_info,,A,miepuQQQ,,,,,Kag580,0.3/1.2,104/76,158.4,無,有,F,傅,F,903,未婚,2/17,劉,立廷里,749,國立臺灣大學員工薪資入帳變更申請系統、大薰風｜Facebook、(288) 我再買卡我就是狗汪汪[ann10430330] - Plurk,,[中字]SEVENTEEN(세븐틴)-eating-從小細節看出小17的感情-Friendship can be seen from small details.,個體經濟學下,無,35,Galaxy A52 5G,,,,,1,1,2,,0.0,A,id_user,own_info,,,,,,,,,,,,,1,,,1,2,,0.0,A,id_user,own_info,,,,,,,,,,,,,1,,,2,2,,0.0,A,id_user,own_info,,,,,,,,,,,,,1,,,3,2,,0.0,A,id_user,own_info,,,,,,,,,,,,,1,,,4,2,,0.0,A,id_user,own_info,,,,,,,,,,,,,1,,,5,2,,0.0,A,id_user,own_info,,,,,,,,,,,,,1,,,6,2,,0.0,A,id_user,own_info,,,,,,,,,,,,,1,,,7,2,,0.0,A,id_user,own_info,,,,,,,,,,,,,1,,,8,2,,0.0,A,id_user,own_info,,,,,,,,,,,,,1,,,9,2,,0.0,A,id_user,own_info,,,,,,,,,,,,,1,,,10,2,,0.0,生理女,22,AB型,台灣本地生,台灣大學,A011_法學組,大學部4年級,4,85,85,100,50,85,85,76,36,90,60,85,85,1,1,7,,0.0,0,0,0,0,0,1,1,1,1,1,1,70,1,70,0,,-1,https://reurl.cc/jkrOl2,有些題目的陳述不太清楚，例如網站不太確定是否一定要連字元全半形都相同(只看紀錄也很難看出全半形)，或是定位使用手機的話範圍太小其實會跑來跑去不太精準。  另外希望可以經常性的重述個資的利用目的與可能的利用場次數量和時間，否則提供個資時會有點困惑和疑慮。,1,1
3,70sz2epo,,0,68,68,mpl,Screen4,2022-04-25 11:07:27.071118,1,,,563.0,1,Orange,A,id_user,own_info,1650887718.9024858,1.2/1.0,140/67,175.7,無,無,M,張,F,493,未婚,10/11,馬,西安里,446,,,HowFun,資訊行為概論,無,50,redmi note 10 pro,否,,,,1,0,0,0,0,q9add84i,,,,,0,A,1.0,A_userID_ownInfo,50.0,own_info,id_user,3,,50.0,1,Uej749,,,,1,1,3,,0.0,,id_user,own_info,,A,Orange,,,,,Uej749,1.2/1.0,140/67,175.7,無,無,M,張,F,493,未婚,10/11,馬,西安里,446,,,HowFun,資訊行為概論,無,50,redmi note 10 pro,否,,,,1,1,2,,19.0,A,id_user,own_info,Orange,,20,18.4,hiyori,hihiYC,Orange,Red0001,8,5,20,5,4,38,19.0,1,2,,19.0,A,id_user,own_info,Orange,,20,30.1,hiyori,Orange,Red0001,hihiYC,5,20,8,5,4,38,19.0,2,2,,17.5,A,id_user,own_info,Orange,,20,3.1,hihiYC,hiyori,Red0001,Orange,0,5,10,20,4,35,17.5,3,2,,17.5,A,id_user,own_info,Orange,,20,3.8,hihiYC,Orange,Red0001,hiyori,0,20,15,0,4,35,17.5,4,2,,30.0,A,id_user,own_info,Orange,,20,2.9,hiyori,hihiYC,Red0001,Orange,20,20,0,20,4,60,30.0,5,2,,40.0,A,id_user,own_info,Orange,,20,2.7,Orange,hihiYC,hiyori,Red0001,20,20,20,20,4,80,40.0,6,2,,40.0,A,id_user,own_info,Orange,,20,2.5,Orange,Red0001,hihiYC,hiyori,20,20,20,20,4,80,40.0,7,2,,40.0,A,id_user,own_info,Orange,,20,2.6,hiyori,Orange,hihiYC,Red0001,20,20,20,20,4,80,40.0,8,2,,40.0,A,id_user,own_info,Orange,,20,1.6,Orange,hihiYC,Red0001,hiyori,20,20,20,20,4,80,40.0,9,2,,30.0,A,id_user,own_info,Orange,,20,2.8,hiyori,hihiYC,Red0001,Orange,20,20,0,20,4,60,30.0,10,3,,0.0,生理男,22,A型,台灣本地生,台灣大學,3050_社會學系,大學部4年級,4,85,85,100,50,85,85,64,66,75,75,85,85,1,1,12,,0.0,0,1,1,1,1,1,1,1,1,1,1,20,1,20,1,T@ssEl864,1,https://reurl.cc/jkrOl2,我個人認為個資辨別不出來是我，所以沒差，就很放心地提供。跟四個人的合作階段，我知道全部人都把錢拿出來可以利益最大化，所以我前五回合每回合都給全部，之後其他人也跟著給全部，感覺很棒。,1,1
4,57dffcoo,,0,68,68,mpl,Screen4,2022-04-25 11:01:16.914960,1,,,593.0,1,hihiYC,A,id_user,own_info,1650887732.254943,1.2/1.0,100/66,181.1,,,M,王,O,757,未婚,12/15,池,高峰里,756,學雜費繳費查詢、國立臺灣大學 National Taiwan University、Joshua Cover Studio / 貝斯手小祐 - YouTube,"25.0153673, 121.5295309",Joshua Cover Studio / 貝斯手小祐,應用數學三,無,135,iPhone 12,否,,,,1,0,0,0,0,q9add84i,,,,,0,A,1.0,A_userID_ownInfo,50.0,own_info,id_user,4,,50.0,1,Tiw641,,,,1,1,4,,0.0,,id_user,own_info,,A,hihiYC,,,,,Tiw641,1.2/1.0,100/66,181.1,,,M,王,O,757,未婚,12/15,池,高峰里,756,學雜費繳費查詢、國立臺灣大學 National Taiwan University、Joshua Cover Studio / 貝斯手小祐 - YouTube,"25.0153673, 121.5295309",Joshua Cover Studio / 貝斯手小祐,應用數學三,無,135,iPhone 12,否,,,,1,1,4,,34.0,A,id_user,own_info,hihiYC,,5,22.3,Red0001,hiyori,hihiYC,Orange,5,8,5,20,4,38,19.0,1,4,,34.0,A,id_user,own_info,hihiYC,,5,23.2,hiyori,hihiYC,Orange,Red0001,5,5,20,8,4,38,19.0,2,4,,37.5,A,id_user,own_info,hihiYC,,0,4.1,Orange,hihiYC,Red0001,hiyori,20,0,10,5,4,35,17.5,3,4,,37.5,A,id_user,own_info,hihiYC,,0,31.4,Red0001,hihiYC,hiyori,Orange,15,0,0,20,4,35,17.5,4,4,,30.0,A,id_user,own_info,hihiYC,,20,22.4,Orange,hiyori,Red0001,hihiYC,20,20,0,20,4,60,30.0,5,4,,40.0,A,id_user,own_info,hihiYC,,20,7.5,hiyori,hihiYC,Red0001,Orange,20,20,20,20,4,80,40.0,6,4,,40.0,A,id_user,own_info,hihiYC,,20,3.3,hihiYC,hiyori,Red0001,Orange,20,20,20,20,4,80,40.0,7,4,,40.0,A,id_user,own_info,hihiYC,,20,5.8,hihiYC,Red0001,hiyori,Orange,20,20,20,20,4,80,40.0,8,4,,40.0,A,id_user,own_info,hihiYC,,20,5.1,Red0001,Orange,hiyori,hihiYC,20,20,20,20,4,80,40.0,9,4,,30.0,A,id_user,own_info,hihiYC,,20,4.9,Red0001,Orange,hiyori,hihiYC,0,20,20,20,4,60,30.0,10,4,,0.0,生理男,19,未知,台灣本地生,台灣大學,2020_物理學系,大學部1年級,3,85,85,100,50,85,85,50,100,70,80,85,85,1,1,17,,0.0,0,1,1,1,1,1,1,1,1,1,1,80,1,80,0,,-1,https://reurl.cc/jkrOl2,"1) 最開始填寫資料表時，視力的部分大標是寫說""視力(左/右)""，但詳細資訊內卻是要求填寫""右眼視力/左眼視力""。此不一致易造成作答者混淆。  2) 應屆大一生做校內健康檢查時未有做口腔檢查(疫情緣故)，會造成基本資料內有兩欄無法填寫，讓""選填""的公平性降低。",1,1
5,0tocpgiv,,0,68,68,mpl,Screen4,2022-04-25 11:01:18.561534,1,,,425.0,1,Red0001,A,id_user,own_info,1650887726.4007633,,107/71,160.4,無,,F,之,H,535,未婚,,蔡,大興里,973,,,鄭宜農-天已經要光,商事法,程式設計,99,iphone 12 mini,否,是,是,長庚醫院,1,0,0,0,0,q9add84i,,,,,0,A,1.0,A_userID_ownInfo,50.0,own_info,id_user,5,,50.0,1,Eok520,,,,1,1,1,,0.0,,id_user,own_info,,A,Red0001,,,,,Pur805,,107/71,160.4,無,,F,之,H,535,未婚,,蔡,大興里,973,,,鄭宜農-天已經要光,商事法,程式設計,99,iphone 12 mini,否,是,是,長庚醫院,2,1,1,,34.0,A,id_user,own_info,Red0001,,5,10.2,Orange,hihiYC,Red0001,hiyori,20,5,5,8,4,38,19.0,1,1,,31.0,A,id_user,own_info,Red0001,,8,5.2,hiyori,Orange,hihiYC,Red0001,5,20,5,8,4,38,19.0,2,1,,27.5,A,id_user,own_info,Red0001,,10,4.2,hihiYC,Red0001,hiyori,Orange,0,10,5,20,4,35,17.5,3,1,,22.5,A,id_user,own_info,Red0001,,15,19.4,hihiYC,Red0001,hiyori,Orange,0,15,0,20,4,35,17.5,4,1,,50.0,A,id_user,own_info,Red0001,,0,5.0,Red0001,hiyori,hihiYC,Orange,0,20,20,20,4,60,30.0,5,1,,40.0,A,id_user,own_info,Red0001,,20,6.4,hihiYC,Orange,Red0001,hiyori,20,20,20,20,4,80,40.0,6,1,,40.0,A,id_user,own_info,Red0001,,20,7.1,hihiYC,Red0001,Orange,hiyori,20,20,20,20,4,80,40.0,7,1,,40.0,A,id_user,own_info,Red0001,,20,3.9,Orange,hiyori,hihiYC,Red0001,20,20,20,20,4,80,40.0,8,1,,40.0,A,id_user,own_info,Red0001,,20,5.3,hihiYC,Red0001,Orange,hiyori,20,20,20,20,4,80,40.0,9,1,,50.0,A,id_user,own_info,Red0001,,0,3.2,hiyori,Red0001,hihiYC,Orange,20,0,20,20,4,60,30.0,10,5,,0.0,生理女,20,A型,台灣本地生,台灣大學,3030_經濟學系,大學部2年級,4,85,70,100,50,85,85,84,18,100,50,100,50,1,1,14,,0.0,0,0,0,0,1,1,1,1,1,1,1,20,0,0,1,T@ssEl468,0,https://reurl.cc/jkrOl2,,1,1
6,nkfjcrgg,,0,68,68,mpl,Screen4,2022-04-25 11:14:41.444458,1,,,416.0,1,lmaooooo,A,id_user,own_info,1650887263.0064569,1.2/0.7,138/65,166.0,無,無,M,宇,R,,未婚,,蘇,成功里,035,,,[Orchestral] Entrusting This World to Idols ~ Idolatrize World,太陽能電池技術與系統,無,80,CPH1979,否,否,是,,1,0,0,0,0,q9add84i,,,,,0,A,1.0,A_userID_ownInfo,50.0,own_info,id_user,6,,50.0,1,Iax258,,,,1,1,2,,0.0,,id_user,own_info,,A,lmaooooo,,,,,Kag580,1.2/0.7,138/65,166.0,無,無,M,宇,R,,未婚,,蘇,成功里,035,,,[Orchestral] Entrusting This World to Idols ~ Idolatrize World,太陽能電池技術與系統,無,80,CPH1979,否,否,是,,2,1,2,,19.5,A,id_user,own_info,lmaooooo,,20,36.1,szasza,Konijiwa,lmaooooo,Xavier,4,15,20,0,2,39,19.5,1,2,,23.5,A,id_user,own_info,lmaooooo,,20,16.1,lmaooooo,Konijiwa,Xavier,szasza,20,15,0,12,2,47,23.5,2,2,,27.5,A,id_user,own_info,lmaooooo,,20,3.5,lmaooooo,szasza,Konijiwa,Xavier,20,15,20,0,2,55,27.5,3,2,,29.0,A,id_user,own_info,lmaooooo,,20,3.6,Konijiwa,lmaooooo,szasza,Xavier,18,20,20,0,2,58,29.0,4,2,,22.5,A,id_user,own_info,lmaooooo,,20,2.5,lmaooooo,szasza,Konijiwa,Xavier,20,0,20,5,2,45,22.5,5,2,,22.5,A,id_user,own_info,lmaooooo,,20,3.1,Xavier,Konijiwa,lmaooooo,szasza,0,15,20,10,2,45,22.5,6,2,,21.5,A,id_user,own_info,lmaooooo,,20,3.1,Xavier,szasza,lmaooooo,Konijiwa,5,0,20,18,2,43,21.5,7,2,,22.5,A,id_user,own_info,lmaooooo,,20,4.4,Konijiwa,lmaooooo,Xavier,szasza,20,20,0,5,2,45,22.5,8,2,,12.5,A,id_user,own_info,lmaooooo,,20,3.9,Xavier,szasza,lmaooooo,Konijiwa,5,0,20,0,2,25,12.5,9,2,,25.0,A,id_user,own_info,lmaooooo,,0,2.2,lmaooooo,szasza,Konijiwa,Xavier,0,5,5,0,2,10,5.0,10,6,,0.0,生理男,21,A型,台灣本地生,台灣大學,5020_機械工程學系,大學部3年級,3,85,85,100,50,85,85,50,100,75,75,85,85,1,1,19,,0.0,0,0,0,0,1,1,1,1,1,1,1,40,1,40,0,,-1,https://reurl.cc/jkrOl2,如果有機會的話，希望在這系列的研究有結果時通知我，我想知道研究的目的與結論!,1,1
7,ht3zl0gy,,0,68,68,mpl,Screen4,2022-04-25 11:09:53.695641,1,,,170.0,1,Lansean,A,id_user,own_info,1650887979.9008732,0.2/0.1,142/83,174.1,無,無,M,藍,L,930,未婚,3/08,陳,社南里,565,,"25.021042, 121.537964",獵人黑暗大陸篇解說6:刺客再次動手，壺中卵儀式或有解法,個體經濟學下,,790,iPhone XR,否,,,,0,1,0,0,0,q9add84i,,,,,0,A,1.0,A_userID_ownInfo,50.0,own_info,id_user,7,,50.0,1,Luv690,,,,1,1,3,,0.0,,id_user,own_info,,A,Lansean,,,,,Uej749,0.2/0.1,142/83,174.1,無,無,M,藍,L,930,未婚,3/08,陳,社南里,565,,"25.021042, 121.537964",獵人黑暗大陸篇解說6:刺客再次動手，壺中卵儀式或有解法,個體經濟學下,,790,iPhone XR,否,,,,2,1,7,,0.0,A,id_user,own_info,,,,,,,,,,,,,1,,,1,7,,0.0,A,id_user,own_info,,,,,,,,,,,,,1,,,2,7,,0.0,A,id_user,own_info,,,,,,,,,,,,,1,,,3,7,,0.0,A,id_user,own_info,,,,,,,,,,,,,1,,,4,7,,0.0,A,id_user,own_info,,,,,,,,,,,,,1,,,5,7,,0.0,A,id_user,own_info,,,,,,,,,,,,,1,,,6,7,,0.0,A,id_user,own_info,,,,,,,,,,,,,1,,,7,7,,0.0,A,id_user,own_info,,,,,,,,,,,,,1,,,8,7,,0.0,A,id_user,own_info,,,,,,,,,,,,,1,,,9,7,,0.0,A,id_user,own_info,,,,,,,,,,,,,1,,,10,7,,0.0,生理男,21,AB型,台灣本地生,台灣大學,2010_數學系,大學部3年級,5,85,85,100,50,85,85,64,65,75,75,85,85,1,1,16,,0.0,1,1,1,1,1,1,1,1,1,1,1,20,1,20,0,,-1,https://reurl.cc/jkrOl2,所以那個不足四個人的實驗就沒了嗎,1,1
8,ht754tu2,,0,68,68,mpl,Screen4,2022-04-25 11:16:42.408919,1,,,515.0,1,szasza,A,id_user,own_info,1650887391.648101,0.6/0.9,119/82,164.4,有,無,F,蘇,M,387,未婚,5/16,陳,竹山里,168,,,,商事法總論及公司法,國際政治理論一,,iPhone XR,否,否,,台大醫院,1,0,0,0,0,q9add84i,,,,,0,A,1.0,A_userID_ownInfo,50.0,own_info,id_user,8,,50.0,1,Yuk827,,,,1,1,4,,0.0,,id_user,own_info,,A,szasza,,,,,Tiw641,0.6/0.9,119/82,164.4,有,無,F,蘇,M,387,未婚,5/16,陳,竹山里,168,,,,商事法總論及公司法,國際政治理論一,,iPhone XR,否,否,,台大醫院,2,1,3,,35.5,A,id_user,own_info,szasza,,4,31.4,Xavier,Konijiwa,szasza,lmaooooo,0,15,4,20,2,39,19.5,1,3,,31.5,A,id_user,own_info,szasza,,12,9.3,Xavier,szasza,Konijiwa,lmaooooo,0,12,15,20,2,47,23.5,2,3,,32.5,A,id_user,own_info,szasza,,15,6.4,Xavier,szasza,lmaooooo,Konijiwa,0,15,20,20,2,55,27.5,3,3,,29.0,A,id_user,own_info,szasza,,20,3.4,lmaooooo,szasza,Xavier,Konijiwa,20,20,0,18,2,58,29.0,4,3,,42.5,A,id_user,own_info,szasza,,0,8.4,Xavier,szasza,lmaooooo,Konijiwa,5,0,20,20,2,45,22.5,5,3,,32.5,A,id_user,own_info,szasza,,10,4.0,lmaooooo,Konijiwa,Xavier,szasza,20,15,0,10,2,45,22.5,6,3,,41.5,A,id_user,own_info,szasza,,0,4.5,Xavier,Konijiwa,lmaooooo,szasza,5,18,20,0,2,43,21.5,7,3,,37.5,A,id_user,own_info,szasza,,5,6.1,lmaooooo,Konijiwa,Xavier,szasza,20,20,0,5,2,45,22.5,8,3,,32.5,A,id_user,own_info,szasza,,0,8.1,lmaooooo,Xavier,Konijiwa,szasza,20,5,0,0,2,25,12.5,9,3,,20.0,A,id_user,own_info,szasza,,5,2.7,szasza,Xavier,Konijiwa,lmaooooo,5,0,5,0,2,10,5.0,10,8,,0.0,生理女,20,AB型,台灣本地生,台灣大學,3050_社會學系,大學部3年級,2,85,85,100,50,85,85,85,15,100,50,100,50,1,1,5,,0.0,0,1,1,1,1,1,1,1,1,1,1,30,1,30,0,,-1,https://reurl.cc/jkrOl2,,1,1
9,0yk5nsi1,,0,68,68,mpl,Screen4,2022-04-25 11:01:17.085336,1,,,655.0,1,hiyori,A,id_user,own_info,1650887728.530747,0.7/1.2,95/61,163.3,無,無,F, 許,A,406,未婚,8/21,詹,西安里,918,注意事項、凡凡的小天地、Google地圖,,凡凡的小天地,環境史導論,,105,iPhone SE2,否,,,,1,0,0,0,0,q9add84i,,,,,0,A,1.0,A_userID_ownInfo,50.0,own_info,id_user,9,,50.0,1,Kig156,,,,1,1,1,,0.0,,id_user,own_info,,A,hiyori,,,,,Pur805,0.7/1.2,95/61,163.3,無,無,F, 許,A,406,未婚,8/21,詹,西安里,918,注意事項、凡凡的小天地、Google地圖,,凡凡的小天地,環境史導論,,105,iPhone SE2,否,,,,3,1,3,,31.0,A,id_user,own_info,hiyori,,8,44.0,Orange,hiyori,hihiYC,Red0001,20,8,5,5,4,38,19.0,1,3,,34.0,A,id_user,own_info,hiyori,,5,14.4,hihiYC,Orange,hiyori,Red0001,5,20,5,8,4,38,19.0,2,3,,32.5,A,id_user,own_info,hiyori,,5,21.6,hihiYC,hiyori,Red0001,Orange,0,5,10,20,4,35,17.5,3,3,,37.5,A,id_user,own_info,hiyori,,0,3.6,hiyori,hihiYC,Red0001,Orange,0,0,15,20,4,35,17.5,4,3,,30.0,A,id_user,own_info,hiyori,,20,5.8,hiyori,Red0001,hihiYC,Orange,20,0,20,20,4,60,30.0,5,3,,40.0,A,id_user,own_info,hiyori,,20,3.6,hiyori,Orange,Red0001,hihiYC,20,20,20,20,4,80,40.0,6,3,,40.0,A,id_user,own_info,hiyori,,20,3.3,Red0001,hihiYC,hiyori,Orange,20,20,20,20,4,80,40.0,7,3,,40.0,A,id_user,own_info,hiyori,,20,2.9,Orange,hihiYC,hiyori,Red0001,20,20,20,20,4,80,40.0,8,3,,40.0,A,id_user,own_info,hiyori,,20,3.4,hihiYC,hiyori,Red0001,Orange,20,20,20,20,4,80,40.0,9,3,,30.0,A,id_user,own_info,hiyori,,20,3.8,Orange,hiyori,hihiYC,Red0001,20,20,20,0,4,60,30.0,10,9,,0.0,生理女,21,A型,台灣本地生,台灣大學,A012_司法組,大學部4年級,5,85,85,100,50,85,85,85,15,100,50,100,50,1,1,10,,0.0,0,1,1,1,1,1,1,1,1,1,1,50,1,50,1,T@ssEl864,1,https://reurl.cc/jkrOl2,,1,1
10,fbzzil6u,,0,68,68,mpl,Screen4,2022-04-25 11:01:37.066453,1,,,230.0,1,shino8833,A,id_user,own_info,1650888314.660472,1.5/0.8,,161.6,有,無,F,筱,A,407,未婚,3/3,謝,順興里,210,,,蒜香蛤蠣義大利麵｜業內最高標準｜如何做義大利麵醬汁｜clam spaghetti｜ Spaghetti alle Vongole,初級日語下,,534,iPhone 8 Plus,否,否,是,得人牙醫,0,1,0,0,0,q9add84i,,,,,0,A,1.0,A_userID_ownInfo,50.0,own_info,id_user,10,,50.0,1,Vox976,,,,1,1,2,,0.0,,id_user,own_info,,A,shino8833,,,,,Kag580,1.5/0.8,,161.6,有,無,F,筱,A,407,未婚,3/3,謝,順興里,210,,,蒜香蛤蠣義大利麵｜業內最高標準｜如何做義大利麵醬汁｜clam spaghetti｜ Spaghetti alle Vongole,初級日語下,,534,iPhone 8 Plus,否,否,是,得人牙醫,3,1,10,,0.0,A,id_user,own_info,,,,,,,,,,,,,1,,,1,10,,0.0,A,id_user,own_info,,,,,,,,,,,,,1,,,2,10,,0.0,A,id_user,own_info,,,,,,,,,,,,,1,,,3,10,,0.0,A,id_user,own_info,,,,,,,,,,,,,1,,,4,10,,0.0,A,id_user,own_info,,,,,,,,,,,,,1,,,5,10,,0.0,A,id_user,own_info,,,,,,,,,,,,,1,,,6,10,,0.0,A,id_user,own_info,,,,,,,,,,,,,1,,,7,10,,0.0,A,id_user,own_info,,,,,,,,,,,,,1,,,8,10,,0.0,A,id_user,own_info,,,,,,,,,,,,,1,,,9,10,,0.0,A,id_user,own_info,,,,,,,,,,,,,1,,,10,10,,0.0,生理女,23,A型,台灣本地生,台灣大學,1070_日本語文學系,大學部3年級,2,85,85,100,50,85,85,69,55,83,67,88,77,1,1,20,,0.0,0,1,1,1,1,1,1,1,1,1,1,80,1,80,0,,-1,https://reurl.cc/jkrOl2,第二階段的實驗為何會因為人數不足浪費那麼多時間在閱讀規則？,1,1
11,8053xo4u,,0,1,68,check_in,Screen_0,2022-04-25 11:14:53.858601,1,,,0.0,,,A,id_user,own_info,,,,,,,,,,,,,,,,,,,,,,,,,,,,0,,,,q9add84i,,,,,0,A,1.0,A_userID_ownInfo,50.0,own_info,id_user,11,,0.0,,Keg184,,,,1,1,3,,0.0,,id_user,own_info,,A,,,,,,Uej749,,,,,,,,,,,,,,,,,,,,,,,,,,3,1,11,,0.0,A,id_user,own_info,,,,,,,,,,,,,1,,,1,11,,0.0,A,id_user,own_info,,,,,,,,,,,,,1,,,2,11,,0.0,A,id_user,own_info,,,,,,,,,,,,,1,,,3,11,,0.0,A,id_user,own_info,,,,,,,,,,,,,1,,,4,11,,0.0,A,id_user,own_info,,,,,,,,,,,,,1,,,5,11,,0.0,A,id_user,own_info,,,,,,,,,,,,,1,,,6,11,,0.0,A,id_user,own_info,,,,,,,,,,,,,1,,,7,11,,0.0,A,id_user,own_info,,,,,,,,,,,,,1,,,8,11,,0.0,A,id_user,own_info,,,,,,,,,,,,,1,,,9,11,,0.0,A,id_user,own_info,,,,,,,,,,,,,1,,,10,11,,0.0,,,,,,,,,,,,,,,,,,,,,1,1,3,,0.0,,,,,,,,,,,,-1,-1,0,1,,-1,https://reurl.cc/jkrOl2,,1,1
12,8zvj7owx,,0,1,68,check_in,Screen_0,2022-04-25 11:31:35.675143,1,,,0.0,,,A,id_user,own_info,,,,,,,,,,,,,,,,,,,,,,,,,,,,0,,,,q9add84i,,,,,0,A,1.0,A_userID_ownInfo,50.0,own_info,id_user,12,,0.0,,Xic891,,,,1,1,4,,0.0,,id_user,own_info,,A,,,,,,Tiw641,,,,,,,,,,,,,,,,,,,,,,,,,,3,1,12,,0.0,A,id_user,own_info,,,,,,,,,,,,,1,,,1,12,,0.0,A,id_user,own_info,,,,,,,,,,,,,1,,,2,12,,0.0,A,id_user,own_info,,,,,,,,,,,,,1,,,3,12,,0.0,A,id_user,own_info,,,,,,,,,,,,,1,,,4,12,,0.0,A,id_user,own_info,,,,,,,,,,,,,1,,,5,12,,0.0,A,id_user,own_info,,,,,,,,,,,,,1,,,6,12,,0.0,A,id_user,own_info,,,,,,,,,,,,,1,,,7,12,,0.0,A,id_user,own_info,,,,,,,,,,,,,1,,,8,12,,0.0,A,id_user,own_info,,,,,,,,,,,,,1,,,9,12,,0.0,A,id_user,own_info,,,,,,,,,,,,,1,,,10,12,,0.0,,,,,,,,,,,,,,,,,,,,,1,1,8,,0.0,,,,,,,,,,,,-1,-1,0,0,,-1,https://reurl.cc/jkrOl2,,1,1
13,7813oajj,,0,68,68,mpl,Screen4,2022-04-25 11:11:18.897742,1,,,541.0,1,Xavier,A,id_user,own_info,1650886901.6131742,1.0/1.2,108/68,163.3,有,有,F,黃,F,980,未婚,3/2,陳,土城里,134,,"24.97387943835185, 121.44165886818413",,貨幣銀行學二,無,6267,iPhone 11,否,,,,1,0,0,0,0,q9add84i,,,,,0,A,1.0,A_userID_ownInfo,50.0,own_info,id_user,13,,50.0,1,Zur178,,,,1,1,1,,0.0,,id_user,own_info,,A,Xavier,,,,,Pur805,1.0/1.2,108/68,163.3,有,有,F,黃,F,980,未婚,3/2,陳,土城里,134,,"24.97387943835185, 121.44165886818413",,貨幣銀行學二,無,6267,iPhone 11,否,,,,4,1,4,,39.5,A,id_user,own_info,Xavier,,0,6.7,Xavier,lmaooooo,szasza,Konijiwa,0,20,4,15,2,39,19.5,1,4,,43.5,A,id_user,own_info,Xavier,,0,2.8,lmaooooo,szasza,Xavier,Konijiwa,20,12,0,15,2,47,23.5,2,4,,47.5,A,id_user,own_info,Xavier,,0,12.2,lmaooooo,Xavier,szasza,Konijiwa,20,0,15,20,2,55,27.5,3,4,,49.0,A,id_user,own_info,Xavier,,0,14.9,Konijiwa,lmaooooo,Xavier,szasza,18,20,0,20,2,58,29.0,4,4,,37.5,A,id_user,own_info,Xavier,,5,17.4,lmaooooo,Konijiwa,Xavier,szasza,20,20,5,0,2,45,22.5,5,4,,42.5,A,id_user,own_info,Xavier,,0,2.1,lmaooooo,Xavier,szasza,Konijiwa,20,0,10,15,2,45,22.5,6,4,,36.5,A,id_user,own_info,Xavier,,5,3.4,Konijiwa,szasza,lmaooooo,Xavier,18,0,20,5,2,43,21.5,7,4,,42.5,A,id_user,own_info,Xavier,,0,2.3,Konijiwa,Xavier,szasza,lmaooooo,20,0,5,20,2,45,22.5,8,4,,27.5,A,id_user,own_info,Xavier,,5,2.2,lmaooooo,szasza,Konijiwa,Xavier,20,0,0,5,2,25,12.5,9,4,,25.0,A,id_user,own_info,Xavier,,0,1.9,szasza,Xavier,Konijiwa,lmaooooo,5,0,5,0,2,10,5.0,10,13,,0.0,生理女,21,B型,台灣本地生,台灣大學,3030_經濟學系,大學部3年級,4,85,85,100,50,85,85,85,15,100,50,100,50,1,1,18,,0.0,0,0,0,0,0,0,0,0,0,0,0,100,0,0,0,,-1,https://reurl.cc/jkrOl2,,1,1
14,iwtlioif,,0,0,68,,,,0,,,0.0,,,A,id_user,own_info,,,,,,,,,,,,,,,,,,,,,,,,,,,,0,,,,q9add84i,,,,,0,A,1.0,A_userID_ownInfo,50.0,own_info,id_user,14,,0.0,,Ciy661,,,,1,1,2,,0.0,,id_user,own_info,,A,,,,,,Kag580,,,,,,,,,,,,,,,,,,,,,,,,,,4,1,14,,0.0,A,id_user,own_info,,,,,,,,,,,,,1,,,1,14,,0.0,A,id_user,own_info,,,,,,,,,,,,,1,,,2,14,,0.0,A,id_user,own_info,,,,,,,,,,,,,1,,,3,14,,0.0,A,id_user,own_info,,,,,,,,,,,,,1,,,4,14,,0.0,A,id_user,own_info,,,,,,,,,,,,,1,,,5,14,,0.0,A,id_user,own_info,,,,,,,,,,,,,1,,,6,14,,0.0,A,id_user,own_info,,,,,,,,,,,,,1,,,7,14,,0.0,A,id_user,own_info,,,,,,,,,,,,,1,,,8,14,,0.0,A,id_user,own_info,,,,,,,,,,,,,1,,,9,14,,0.0,A,id_user,own_info,,,,,,,,,,,,,1,,,10,14,,0.0,,,,,,,,,,,,,,,,,,,,,1,1,15,,0.0,,,,,,,,,,,,-1,-1,0,1,,-1,https://reurl.cc/jkrOl2,,1,1
15,dj9juy9l,,0,1,68,check_in,Screen_0,2022-04-25 11:03:35.954251,1,,,0.0,,,A,id_user,own_info,,,,,,,,,,,,,,,,,,,,,,,,,,,,0,,,,q9add84i,,,,,0,A,1.0,A_userID_ownInfo,50.0,own_info,id_user,15,,0.0,,Fuw975,,,,1,1,3,,0.0,,id_user,own_info,,A,,,,,,Uej749,,,,,,,,,,,,,,,,,,,,,,,,,,4,1,15,,0.0,A,id_user,own_info,,,,,,,,,,,,,1,,,1,15,,0.0,A,id_user,own_info,,,,,,,,,,,,,1,,,2,15,,0.0,A,id_user,own_info,,,,,,,,,,,,,1,,,3,15,,0.0,A,id_user,own_info,,,,,,,,,,,,,1,,,4,15,,0.0,A,id_user,own_info,,,,,,,,,,,,,1,,,5,15,,0.0,A,id_user,own_info,,,,,,,,,,,,,1,,,6,15,,0.0,A,id_user,own_info,,,,,,,,,,,,,1,,,7,15,,0.0,A,id_user,own_info,,,,,,,,,,,,,1,,,8,15,,0.0,A,id_user,own_info,,,,,,,,,,,,,1,,,9,15,,0.0,A,id_user,own_info,,,,,,,,,,,,,1,,,10,15,,0.0,,,,,,,,,,,,,,,,,,,,,1,1,1,,0.0,,,,,,,,,,,,-1,-1,0,0,,-1,https://reurl.cc/jkrOl2,,1,1
16,u9pxqiu9,,0,1,68,check_in,Screen_0,2022-04-25 11:01:17.987927,1,,,0.0,,,A,id_user,own_info,,,,,,,,,,,,,,,,,,,,,,,,,,,,0,,,,q9add84i,,,,,0,A,1.0,A_userID_ownInfo,50.0,own_info,id_user,16,,0.0,,Saq887,,,,1,1,4,,0.0,,id_user,own_info,,A,,,,,,Tiw641,,,,,,,,,,,,,,,,,,,,,,,,,,4,1,16,,0.0,A,id_user,own_info,,,,,,,,,,,,,1,,,1,16,,0.0,A,id_user,own_info,,,,,,,,,,,,,1,,,2,16,,0.0,A,id_user,own_info,,,,,,,,,,,,,1,,,3,16,,0.0,A,id_user,own_info,,,,,,,,,,,,,1,,,4,16,,0.0,A,id_user,own_info,,,,,,,,,,,,,1,,,5,16,,0.0,A,id_user,own_info,,,,,,,,,,,,,1,,,6,16,,0.0,A,id_user,own_info,,,,,,,,,,,,,1,,,7,16,,0.0,A,id_user,own_info,,,,,,,,,,,,,1,,,8,16,,0.0,A,id_user,own_info,,,,,,,,,,,,,1,,,9,16,,0.0,A,id_user,own_info,,,,,,,,,,,,,1,,,10,16,,0.0,,,,,,,,,,,,,,,,,,,,,1,1,11,,0.0,,,,,,,,,,,,-1,-1,0,0,,-1,https://reurl.cc/jkrOl2,,1,1
17,zr7ioo8c,,0,1,68,check_in,Screen_0,2022-04-25 11:01:17.915022,1,,,0.0,,,A,id_user,own_info,,,,,,,,,,,,,,,,,,,,,,,,,,,,0,,,,q9add84i,,,,,0,A,1.0,A_userID_ownInfo,50.0,own_info,id_user,17,,0.0,,Iih227,,,,1,1,1,,0.0,,id_user,own_info,,A,,,,,,Pur805,,,,,,,,,,,,,,,,,,,,,,,,,,5,1,17,,0.0,A,id_user,own_info,,,,,,,,,,,,,1,,,1,17,,0.0,A,id_user,own_info,,,,,,,,,,,,,1,,,2,17,,0.0,A,id_user,own_info,,,,,,,,,,,,,1,,,3,17,,0.0,A,id_user,own_info,,,,,,,,,,,,,1,,,4,17,,0.0,A,id_user,own_info,,,,,,,,,,,,,1,,,5,17,,0.0,A,id_user,own_info,,,,,,,,,,,,,1,,,6,17,,0.0,A,id_user,own_info,,,,,,,,,,,,,1,,,7,17,,0.0,A,id_user,own_info,,,,,,,,,,,,,1,,,8,17,,0.0,A,id_user,own_info,,,,,,,,,,,,,1,,,9,17,,0.0,A,id_user,own_info,,,,,,,,,,,,,1,,,10,17,,0.0,,,,,,,,,,,,,,,,,,,,,1,1,6,,0.0,,,,,,,,,,,,-1,-1,0,1,,-1,https://reurl.cc/jkrOl2,,1,1
18,v1hm6viw,,0,1,68,check_in,Screen_0,2022-04-25 11:01:18.246944,1,,,0.0,,,A,id_user,own_info,,,,,,,,,,,,,,,,,,,,,,,,,,,,0,,,,q9add84i,,,,,0,A,1.0,A_userID_ownInfo,50.0,own_info,id_user,18,,0.0,,Cej375,,,,1,1,2,,0.0,,id_user,own_info,,A,,,,,,Kag580,,,,,,,,,,,,,,,,,,,,,,,,,,5,1,18,,0.0,A,id_user,own_info,,,,,,,,,,,,,1,,,1,18,,0.0,A,id_user,own_info,,,,,,,,,,,,,1,,,2,18,,0.0,A,id_user,own_info,,,,,,,,,,,,,1,,,3,18,,0.0,A,id_user,own_info,,,,,,,,,,,,,1,,,4,18,,0.0,A,id_user,own_info,,,,,,,,,,,,,1,,,5,18,,0.0,A,id_user,own_info,,,,,,,,,,,,,1,,,6,18,,0.0,A,id_user,own_info,,,,,,,,,,,,,1,,,7,18,,0.0,A,id_user,own_info,,,,,,,,,,,,,1,,,8,18,,0.0,A,id_user,own_info,,,,,,,,,,,,,1,,,9,18,,0.0,A,id_user,own_info,,,,,,,,,,,,,1,,,10,18,,0.0,,,,,,,,,,,,,,,,,,,,,1,1,2,,0.0,,,,,,,,,,,,-1,-1,0,1,,-1,https://reurl.cc/jkrOl2,,1,1
19,sijdr553,,0,1,68,check_in,Screen_0,2022-04-25 11:03:51.280188,1,,,0.0,,,A,id_user,own_info,,,,,,,,,,,,,,,,,,,,,,,,,,,,0,,,,q9add84i,,,,,0,A,1.0,A_userID_ownInfo,50.0,own_info,id_user,19,,0.0,,Eor141,,,,1,1,3,,0.0,,id_user,own_info,,A,,,,,,Uej749,,,,,,,,,,,,,,,,,,,,,,,,,,5,1,19,,0.0,A,id_user,own_info,,,,,,,,,,,,,1,,,1,19,,0.0,A,id_user,own_info,,,,,,,,,,,,,1,,,2,19,,0.0,A,id_user,own_info,,,,,,,,,,,,,1,,,3,19,,0.0,A,id_user,own_info,,,,,,,,,,,,,1,,,4,19,,0.0,A,id_user,own_info,,,,,,,,,,,,,1,,,5,19,,0.0,A,id_user,own_info,,,,,,,,,,,,,1,,,6,19,,0.0,A,id_user,own_info,,,,,,,,,,,,,1,,,7,19,,0.0,A,id_user,own_info,,,,,,,,,,,,,1,,,8,19,,0.0,A,id_user,own_info,,,,,,,,,,,,,1,,,9,19,,0.0,A,id_user,own_info,,,,,,,,,,,,,1,,,10,19,,0.0,,,,,,,,,,,,,,,,,,,,,1,1,4,,0.0,,,,,,,,,,,,-1,-1,0,1,,-1,https://reurl.cc/jkrOl2,,1,1
20,0jtmlo6i,,0,1,68,check_in,Screen_0,2022-04-25 11:21:07.865749,1,,,0.0,,,A,id_user,own_info,,,,,,,,,,,,,,,,,,,,,,,,,,,,0,,,,q9add84i,,,,,0,A,1.0,A_userID_ownInfo,50.0,own_info,id_user,20,,0.0,,Zef167,,,,1,1,4,,0.0,,id_user,own_info,,A,,,,,,Tiw641,,,,,,,,,,,,,,,,,,,,,,,,,,5,1,20,,0.0,A,id_user,own_info,,,,,,,,,,,,,1,,,1,20,,0.0,A,id_user,own_info,,,,,,,,,,,,,1,,,2,20,,0.0,A,id_user,own_info,,,,,,,,,,,,,1,,,3,20,,0.0,A,id_user,own_info,,,,,,,,,,,,,1,,,4,20,,0.0,A,id_user,own_info,,,,,,,,,,,,,1,,,5,20,,0.0,A,id_user,own_info,,,,,,,,,,,,,1,,,6,20,,0.0,A,id_user,own_info,,,,,,,,,,,,,1,,,7,20,,0.0,A,id_user,own_info,,,,,,,,,,,,,1,,,8,20,,0.0,A,id_user,own_info,,,,,,,,,,,,,1,,,9,20,,0.0,A,id_user,own_info,,,,,,,,,,,,,1,,,10,20,,0.0,,,,,,,,,,,,,,,,,,,,,1,1,13,,0.0,,,,,,,,,,,,-1,-1,0,0,,-1,https://reurl.cc/jkrOl2,,1,1
